"","BLAST","BLAST_BLAST_DB","BLAST_EVALUE","BLAST_MAXIMUM_MATCHES","BLAST_PERCENT_IDENTITY","BLAST_WORD_SIZE","BLAST_culling_limit","CLUSTER_OTUS","Cartridge_Number","DNA_concentration","ESP_Type","HOMOPOLYMER_MAX","Max_Expected_Errors","Month","PCR_well","PEAR","PEAR_PVALUE","PEAR_Quality_Threshold","PEAR_SCORING","PEAR_TEST","PEAR_UNCALLEDMAX","PEAR_min_seq_length","PRIMER_MISMATCH_PROPORTION","Perform_Expected_Error_Filter","Primer_R","Project","R","R1","R2","REMOVE_HOMOPOLYMERS","SAMPLE_Collection_Device","SAMPLING_Institute","SAMPLING_PI","SAMPLING_bottle","SAMPLING_campaign","SAMPLING_cruise","SAMPLING_date_time","SAMPLING_dec_lat","SAMPLING_dec_lon","SAMPLING_fluor","SAMPLING_institute","SAMPLING_platform","SAMPLING_platform_type","SAMPLING_project","SAMPLING_real_depth","SAMPLING_sig_t","SAMPLING_station","SAMPLING_station_number","SAMPLING_transmiss_.","Sample_Order","Season","Station","Unnamed..0","adapters","chlorophyll","cluster_method","cluster_radius","collection_date","cutadapt","date_PCR","date_PCR2","date_pcr","day","de_replicate","depth","description","diss_oxygen","env_biome","env_feature","env_material","env_package","extracted","file_R1","file_R2","filter","geo_loc_name","investigation_type","lat_lon","lib_const_meth","library","libraryID","library_tag_combo","local_time_end","local_time_start","locus","mid","min_OTU_abun","month","nitrate","nucl_acid_amp","nucl_acid_ext","order","original_name","pcr_primers","phinchID","pore_size","pressure_dbar","primer_sequence_F","primer_sequence_R","project_name","python","remove_chimeras","replicate","salinity","samp_collection_device","samp_extraction","samp_extraction_prep","samp_filter_ext_type","samp_filter_size_ext","samp_store_temp","samp_vol_we_dna_ext","sample_ID","sample_locus","sample_type","seq_facility","seq_meth","seq_notes","seq_type","seqtk","sequencing_facility","station","submitted.to.insdc","submitted_to_insdc","swarm","tag_number","tag_sequence","target_gene","tdepth","temp","type_sample","volume","vsearch","year"
"CANON_AKU1_22_X","","",NA,NA,NA,NA,NA,"",NA,NA,"",NA,NA,"","","",NA,NA,NA,NA,NA,NA,NA,"","","","","CANON_AKU1_22_S86_L001_R1_001.fastq.gz","CANON_AKU1_22_S86_L001_R2_001.fastq.gz","","","","Francisco_Chavez",NA,"CANON","CANON17S","",NA,NA,NA,"MBARI","AKU","","CANON",NA,NA,"","",NA,NA,"","",NA,NA,NA,"",NA,"","",20180418,"",NA,"3.0","","","CN17S",NA,"marine biome  (ENVO:00000447)","coastal water (ENVO:00001250)","waterborne particulate matter (ENVO:01000436)","mimarks survey","","","","","USA:California:Monterey Bay","mimarks survey","","","X16","X","X16_GACACCGT","","","COI","GACACCGT",NA,"5.0",NA,"dx.doi.org/10.17504/protocols.io.mwnc7de","dx.doi.org/10.17504/protocols.io.mvzc676",16,"CANON_AKU1_22","GGWACWGGWTGAACWGTWTAYCCYCC TAAACTTCAGGGTGACCAAAAAATCA","","",NA,"GGWACWGGWTGAACWGTWTAYCCYCC","TAAACTTCAGGGTGACCAAAAAATCA","CN17S","","","",NA,"3GESP","","","Poretics","0.22um","-80C","1000ml","","","environmental","","NGS Illumina Miseq",NA,"","","MSU","",NA,NA,"",16,"GACACCGT","COI",NA,NA,"","","","2017.0"
"CANON_AKU2_22_X","","",NA,NA,NA,NA,NA,"",NA,NA,"",NA,NA,"","","",NA,NA,NA,NA,NA,NA,NA,"","","","","CANON_AKU2_22_S14_L001_R1_001.fastq.gz","CANON_AKU2_22_S14_L001_R2_001.fastq.gz","","","","Francisco_Chavez",NA,"CANON","CANON17S","",NA,NA,NA,"MBARI","AKU","","CANON",NA,NA,"","",NA,NA,"","",NA,NA,NA,"",NA,"","",20180418,"",NA,"3.0","","","CN17S",NA,"marine biome  (ENVO:00000447)","coastal water (ENVO:00001250)","waterborne particulate matter (ENVO:01000436)","mimarks survey","","","","","USA:California:Monterey Bay","mimarks survey","","","X10","X","X10_ACTATCTG","","","COI","ACTATCTG",NA,"5.0",NA,"dx.doi.org/10.17504/protocols.io.mwnc7de","dx.doi.org/10.17504/protocols.io.mvzc676",10,"CANON_AKU2_22","GGWACWGGWTGAACWGTWTAYCCYCC TAAACTTCAGGGTGACCAAAAAATCA","","",NA,"GGWACWGGWTGAACWGTWTAYCCYCC","TAAACTTCAGGGTGACCAAAAAATCA","CN17S","","","",NA,"3GESP","","","Poretics","0.22um","-80C","1000ml","","","environmental","","NGS Illumina Miseq",NA,"","","MSU","",NA,NA,"",10,"ACTATCTG","COI",NA,NA,"","","","2017.0"
"CANON_AKU3_22_X","","",NA,NA,NA,NA,NA,"",NA,NA,"",NA,NA,"","","",NA,NA,NA,NA,NA,NA,NA,"","","","","CANON_AKU3_22_S3_L001_R1_001.fastq.gz","CANON_AKU3_22_S3_L001_R2_001.fastq.gz","","","","Francisco_Chavez",NA,"CANON","CANON17S","",NA,NA,NA,"MBARI","AKU","","CANON",NA,NA,"","",NA,NA,"","",NA,NA,NA,"",NA,"","",20180418,"",NA,"4.0","","","CN17S",NA,"marine biome  (ENVO:00000447)","coastal water (ENVO:00001250)","waterborne particulate matter (ENVO:01000436)","mimarks survey","","","","","USA:California:Monterey Bay","mimarks survey","","","X17","X","X17_ATCGTACG","","","COI","ATCGTACG",NA,"5.0",NA,"dx.doi.org/10.17504/protocols.io.mwnc7de","dx.doi.org/10.17504/protocols.io.mvzc676",17,"CANON_AKU3_22","GGWACWGGWTGAACWGTWTAYCCYCC TAAACTTCAGGGTGACCAAAAAATCA","","",NA,"GGWACWGGWTGAACWGTWTAYCCYCC","TAAACTTCAGGGTGACCAAAAAATCA","CN17S","","","",NA,"3GESP","","","Poretics","0.22um","-80C","1000ml","","","environmental","","NGS Illumina Miseq",NA,"","","MSU","",NA,NA,"",17,"ATCGTACG","COI",NA,NA,"","","","2017.0"
"CANON_AKU4_22_X","","",NA,NA,NA,NA,NA,"",NA,NA,"",NA,NA,"","","",NA,NA,NA,NA,NA,NA,NA,"","","","","CANON_AKU4_22_S15_L001_R1_001.fastq.gz","CANON_AKU4_22_S15_L001_R2_001.fastq.gz","","","","Francisco_Chavez",NA,"CANON","CANON17S","",NA,NA,NA,"MBARI","AKU","","CANON",NA,NA,"","",NA,NA,"","",NA,NA,NA,"",NA,"","",20180418,"",NA,"8.0","","","CN17S",NA,"marine biome  (ENVO:00000447)","coastal water (ENVO:00001250)","waterborne particulate matter (ENVO:01000436)","mimarks survey","","","","","USA:California:Monterey Bay","mimarks survey","","","X18","X","X18_ACTATCTG","","","COI","ACTATCTG",NA,"5.0",NA,"dx.doi.org/10.17504/protocols.io.mwnc7de","dx.doi.org/10.17504/protocols.io.mvzc676",18,"CANON_AKU4_22","GGWACWGGWTGAACWGTWTAYCCYCC TAAACTTCAGGGTGACCAAAAAATCA","","",NA,"GGWACWGGWTGAACWGTWTAYCCYCC","TAAACTTCAGGGTGACCAAAAAATCA","CN17S","","","",NA,"3GESP","","","Poretics","0.22um","-80C","1000ml","","","environmental","","NGS Illumina Miseq",NA,"","","MSU","",NA,NA,"",18,"ACTATCTG","COI",NA,NA,"","","","2017.0"
"CANON_B10_22_X","","",NA,NA,NA,NA,NA,"",NA,NA,"",NA,NA,"","","",NA,NA,NA,NA,NA,NA,NA,"","","","","CANON_B10_22_S49_L001_R1_001.fastq.gz","CANON_B10_22_S49_L001_R2_001.fastq.gz","","","","Francisco_Chavez",7,"CANON","CANON17S","5/3/2017 22:09",36.9017,-122.1252,NA,"MBARI","WESTERN FLYER","","CANON",20.229,NA,"FRONT5","14",NA,NA,"","",NA,NA,0.192229286,"",NA,"2017-05-03","",20180418,"",NA,"3.0","","20.0","CN17S",1.80815,"marine biome  (ENVO:00000447)","coastal water (ENVO:00001250)","waterborne particulate matter (ENVO:01000436)","mimarks survey","","","","","USA:California:Monterey Bay","mimarks survey","36.9017 N 122.1252 W","","X5","X","X5_TCATCGAG","","","COI","TCATCGAG",NA,"5.0",27.192,"dx.doi.org/10.17504/protocols.io.mwnc7de","dx.doi.org/10.17504/protocols.io.mvzc676",5,"CANON_B10_22","GGWACWGGWTGAACWGTWTAYCCYCC TAAACTTCAGGGTGACCAAAAAATCA","","",20.38,"GGWACWGGWTGAACWGTWTAYCCYCC","TAAACTTCAGGGTGACCAAAAAATCA","CN17S","","","",33.8958,"CTD/SBE911_Rosette_with_Niskin_bottle","","","Poretics","0.22um","-80C","1000ml","","","environmental","","NGS Illumina Miseq",NA,"","","MSU","",NA,NA,"",5,"TCATCGAG","COI",NA,9.0823,"","","","2017.0"
"CANON_B13_22_X","","",NA,NA,NA,NA,NA,"",NA,NA,"",NA,NA,"","","",NA,NA,NA,NA,NA,NA,NA,"","","","","CANON_B13_22_S73_L001_R1_001.fastq.gz","CANON_B13_22_S73_L001_R2_001.fastq.gz","","","","Francisco_Chavez",7,"CANON","CANON17S","5/4/2017 1:03",36.8808,-122.239,NA,"MBARI","WESTERN FLYER","","CANON",19.965,NA,"3A","15",NA,NA,"","",NA,NA,0.696610714,"",NA,"2017-05-04","",20180418,"",NA,"4.0","","20.0","CN17S",2.20387,"marine biome  (ENVO:00000447)","coastal water (ENVO:00001250)","waterborne particulate matter (ENVO:01000436)","mimarks survey","","","","","USA:California:Monterey Bay","mimarks survey","36.8808 N 122.2390 W","","X7","X","X7_GGATATCT","","","COI","GGATATCT",NA,"5.0",26.643,"dx.doi.org/10.17504/protocols.io.mwnc7de","dx.doi.org/10.17504/protocols.io.mvzc676",7,"CANON_B13_22","GGWACWGGWTGAACWGTWTAYCCYCC TAAACTTCAGGGTGACCAAAAAATCA","","",20.115,"GGWACWGGWTGAACWGTWTAYCCYCC","TAAACTTCAGGGTGACCAAAAAATCA","CN17S","","","",33.8943,"CTD/SBE911_Rosette_with_Niskin_bottle","","","Poretics","0.22um","-80C","1000ml","","","environmental","","NGS Illumina Miseq",NA,"","","MSU","",NA,NA,"",7,"GGATATCT","COI",NA,9.2124,"","","","2017.0"
"CANON_B17_22_X","","",NA,NA,NA,NA,NA,"",NA,NA,"",NA,NA,"","","",NA,NA,NA,NA,NA,NA,NA,"","","","","CANON_B17_22_S2_L001_R1_001.fastq.gz","CANON_B17_22_S2_L001_R2_001.fastq.gz","","","","Francisco_Chavez",7,"CANON","CANON17S","5/4/2017 16:03",36.9165,-122.5073,NA,"MBARI","WESTERN FLYER","","CANON",19.234,NA,"FRONT1","21",NA,NA,"","",NA,NA,3.4566,"",NA,"2017-05-04","",20180418,"",NA,"4.0","","20.0","CN17S",4.70291,"marine biome  (ENVO:00000447)","coastal water (ENVO:00001250)","waterborne particulate matter (ENVO:01000436)","mimarks survey","","","","","USA:California:Monterey Bay","mimarks survey","36.9165 N 122.5073 W","","X9","X","X9_ATCGTACG","","","COI","ATCGTACG",NA,"5.0",12.988,"dx.doi.org/10.17504/protocols.io.mwnc7de","dx.doi.org/10.17504/protocols.io.mvzc676",9,"CANON_B17_22","GGWACWGGWTGAACWGTWTAYCCYCC TAAACTTCAGGGTGACCAAAAAATCA","","",19.378,"GGWACWGGWTGAACWGTWTAYCCYCC","TAAACTTCAGGGTGACCAAAAAATCA","CN17S","","","",33.2858,"CTD/SBE911_Rosette_with_Niskin_bottle","","","Poretics","0.22um","-80C","1000ml","","","environmental","","NGS Illumina Miseq",NA,"","","MSU","",NA,NA,"",9,"ATCGTACG","COI",NA,10.9497,"","","","2017.0"
"CANON_B1_22_X","","",NA,NA,NA,NA,NA,"",NA,NA,"",NA,NA,"","","",NA,NA,NA,NA,NA,NA,NA,"","","","","CANON_B1_22_S1_L001_R1_001.fastq.gz","CANON_B1_22_S1_L001_R2_001.fastq.gz","","","","Francisco_Chavez",7,"CANON","CANON17S","5/3/2017 17:55",36.8982,-122.3888,NA,"MBARI","WESTERN FLYER","","CANON",19.721,NA,"FRONT2","11",NA,NA,"","",NA,NA,1.631303571,"",NA,"2017-05-03","",20180418,"",NA,"3.0","","20.0","CN17S",4.15129,"marine biome  (ENVO:00000447)","coastal water (ENVO:00001250)","waterborne particulate matter (ENVO:01000436)","mimarks survey","","","","","USA:California:Monterey Bay","mimarks survey","36.8982 N 122.3888 W","","X1","X","X1_ATCGTACG","","","COI","ATCGTACG",NA,"5.0",20.615,"dx.doi.org/10.17504/protocols.io.mwnc7de","dx.doi.org/10.17504/protocols.io.mvzc676",1,"CANON_B1_22","GGWACWGGWTGAACWGTWTAYCCYCC TAAACTTCAGGGTGACCAAAAAATCA","","",19.869,"GGWACWGGWTGAACWGTWTAYCCYCC","TAAACTTCAGGGTGACCAAAAAATCA","CN17S","","","",33.5448,"CTD/SBE911_Rosette_with_Niskin_bottle","","","Poretics","0.22um","-80C","1000ml","","","environmental","","NGS Illumina Miseq",NA,"","","MSU","",NA,NA,"",1,"ATCGTACG","COI",NA,10.3142,"","","","2017.0"
"CANON_B20_22_X","","",NA,NA,NA,NA,NA,"",NA,NA,"",NA,NA,"","","",NA,NA,NA,NA,NA,NA,NA,"","","","","CANON_B20_22_S38_L001_R1_001.fastq.gz","CANON_B20_22_S38_L001_R2_001.fastq.gz","","","","Francisco_Chavez",7,"CANON","CANON17S","5/4/2017 18:35",36.9138,-122.4068,NA,"MBARI","WESTERN FLYER","","CANON",19.871,NA,"FRONT2","22",NA,NA,"","",NA,NA,0.337723929,"",NA,"2017-05-04","",20180418,"",NA,"4.0","","20.0","CN17S",3.25905,"marine biome  (ENVO:00000447)","coastal water (ENVO:00001250)","waterborne particulate matter (ENVO:01000436)","mimarks survey","","","","","USA:California:Monterey Bay","mimarks survey","36.9138 N 122.4068 W","","X12","X","X12_CTGCGTGT","","","COI","CTGCGTGT",NA,"5.0",18.761,"dx.doi.org/10.17504/protocols.io.mwnc7de","dx.doi.org/10.17504/protocols.io.mvzc676",12,"CANON_B20_22","GGWACWGGWTGAACWGTWTAYCCYCC TAAACTTCAGGGTGACCAAAAAATCA","","",20.02,"GGWACWGGWTGAACWGTWTAYCCYCC","TAAACTTCAGGGTGACCAAAAAATCA","CN17S","","","",33.595,"CTD/SBE911_Rosette_with_Niskin_bottle","","","Poretics","0.22um","-80C","1000ml","","","environmental","","NGS Illumina Miseq",NA,"","","MSU","",NA,NA,"",12,"CTGCGTGT","COI",NA,9.8385,"","","","2017.0"
"CANON_B23_22_X","","",NA,NA,NA,NA,NA,"",NA,NA,"",NA,NA,"","","",NA,NA,NA,NA,NA,NA,NA,"","","","","CANON_B23_22_S62_L001_R1_001.fastq.gz","CANON_B23_22_S62_L001_R2_001.fastq.gz","","","","Francisco_Chavez",9,"CANON","CANON17S","5/8/2017 21:05",36.7957,-121.8447,NA,"MBARI","WESTERN FLYER","","CANON",18.922,NA,"C1","37",NA,NA,"","",NA,NA,2.054560714,"",NA,"2017-05-08","",20180418,"",NA,"8.0","","20.0","CN17S",3.60797,"marine biome  (ENVO:00000447)","coastal water (ENVO:00001250)","waterborne particulate matter (ENVO:01000436)","mimarks survey","","","","","USA:California:Monterey Bay","mimarks survey","36.7957 N 121.8447 W","","X14","X","X14_CGTGAGTG","","","COI","CGTGAGTG",NA,"5.0",23.016,"dx.doi.org/10.17504/protocols.io.mwnc7de","dx.doi.org/10.17504/protocols.io.mvzc676",14,"CANON_B23_22","GGWACWGGWTGAACWGTWTAYCCYCC TAAACTTCAGGGTGACCAAAAAATCA","","",19.064,"GGWACWGGWTGAACWGTWTAYCCYCC","TAAACTTCAGGGTGACCAAAAAATCA","CN17S","","","",33.8653,"CTD/SBE911_Rosette_with_Niskin_bottle","","","Poretics","0.22um","-80C","1000ml","","","environmental","","NGS Illumina Miseq",NA,"","","MSU","",NA,NA,"",14,"CGTGAGTG","COI",NA,9.9096,"","","","2017.0"
"CANON_CBI10_22_X","","",NA,NA,NA,NA,NA,"",NA,NA,"",NA,NA,"","","",NA,NA,NA,NA,NA,NA,NA,"","","","","CANON_CBI10_22_S8_L001_R1_001.fastq.gz","CANON_CBI10_22_S8_L001_R2_001.fastq.gz","","","","Francisco_Chavez",9,"CANON","CANON17S","5/8/2017 21:05",36.7957,-121.8447,NA,"MBARI","WESTERN FLYER","","CANON",18.922,NA,"C1","37",NA,NA,"","",NA,NA,2.054560714,"",NA,"2017-05-08","",20180418,"",NA,"8.0","","20.0","CN17S",3.60797,"marine biome  (ENVO:00000447)","coastal water (ENVO:00001250)","waterborne particulate matter (ENVO:01000436)","mimarks survey","","","","","USA:California:Monterey Bay","mimarks survey","36.7957 N 121.8447 W","","X57","X","X57_ATCGTACG","","","COI","ATCGTACG",NA,"5.0",23.016,"dx.doi.org/10.17504/protocols.io.mwnc7de","dx.doi.org/10.17504/protocols.io.mvzc676",57,"CANON_CBI10_22","GGWACWGGWTGAACWGTWTAYCCYCC TAAACTTCAGGGTGACCAAAAAATCA","","",19.064,"GGWACWGGWTGAACWGTWTAYCCYCC","TAAACTTCAGGGTGACCAAAAAATCA","CN17S","","","",33.8653,"CTD/SBE911_Rosette_with_Niskin_bottle","","","Poretics","0.22um","-80C","1000ml","","","environmental","","NGS Illumina Miseq",NA,"","","MSU","",NA,NA,"",57,"ATCGTACG","COI",NA,9.9096,"","","","2017.0"
"CANON_CBI1_22_X","","",NA,NA,NA,NA,NA,"",NA,NA,"",NA,NA,"","","",NA,NA,NA,NA,NA,NA,NA,"","","","","CANON_CBI1_22_S55_L001_R1_001.fastq.gz","CANON_CBI1_22_S55_L001_R2_001.fastq.gz","","","","Francisco_Chavez",7,"CANON","CANON17S","5/3/2017 17:55",36.8982,-122.3888,NA,"MBARI","WESTERN FLYER","","CANON",19.721,NA,"FRONT2","11",NA,NA,"","",NA,NA,1.631303571,"",NA,"2017-05-03","",20180418,"",NA,"3.0","","20.0","CN17S",4.15129,"marine biome  (ENVO:00000447)","coastal water (ENVO:00001250)","waterborne particulate matter (ENVO:01000436)","mimarks survey","","","","","USA:California:Monterey Bay","mimarks survey","36.8982 N 122.3888 W","","X53","X","X53_TCATCGAG","","","COI","TCATCGAG",NA,"5.0",20.615,"dx.doi.org/10.17504/protocols.io.mwnc7de","dx.doi.org/10.17504/protocols.io.mvzc676",53,"CANON_CBI1_22","GGWACWGGWTGAACWGTWTAYCCYCC TAAACTTCAGGGTGACCAAAAAATCA","","",19.869,"GGWACWGGWTGAACWGTWTAYCCYCC","TAAACTTCAGGGTGACCAAAAAATCA","CN17S","","","",33.5448,"CTD/SBE911_Rosette_with_Niskin_bottle","","","Poretics","0.22um","-80C","1000ml","","","environmental","","NGS Illumina Miseq",NA,"","","MSU","",NA,NA,"",53,"TCATCGAG","COI",NA,10.3142,"","","","2017.0"
"CANON_CBI4_22_X","","",NA,NA,NA,NA,NA,"",NA,NA,"",NA,NA,"","","",NA,NA,NA,NA,NA,NA,NA,"","","","","CANON_CBI4_22_S67_L001_R1_001.fastq.gz","CANON_CBI4_22_S67_L001_R2_001.fastq.gz","","","","Francisco_Chavez",7,"CANON","CANON17S","5/3/2017 22:09",36.9017,-122.1252,NA,"MBARI","WESTERN FLYER","","CANON",20.229,NA,"FRONT5","14",NA,NA,"","",NA,NA,0.192229286,"",NA,"2017-05-03","",20180418,"",NA,"3.0","","20.0","CN17S",1.80815,"marine biome  (ENVO:00000447)","coastal water (ENVO:00001250)","waterborne particulate matter (ENVO:01000436)","mimarks survey","","","","","USA:California:Monterey Bay","mimarks survey","36.9017 N 122.1252 W","","X54","X","X54_CGTGAGTG","","","COI","CGTGAGTG",NA,"5.0",27.192,"dx.doi.org/10.17504/protocols.io.mwnc7de","dx.doi.org/10.17504/protocols.io.mvzc676",54,"CANON_CBI4_22","GGWACWGGWTGAACWGTWTAYCCYCC TAAACTTCAGGGTGACCAAAAAATCA","","",20.38,"GGWACWGGWTGAACWGTWTAYCCYCC","TAAACTTCAGGGTGACCAAAAAATCA","CN17S","","","",33.8958,"CTD/SBE911_Rosette_with_Niskin_bottle","","","Poretics","0.22um","-80C","1000ml","","","environmental","","NGS Illumina Miseq",NA,"","","MSU","",NA,NA,"",54,"CGTGAGTG","COI",NA,9.0823,"","","","2017.0"
"CANON_CBI5_22_X","","",NA,NA,NA,NA,NA,"",NA,NA,"",NA,NA,"","","",NA,NA,NA,NA,NA,NA,NA,"","","","","CANON_CBI5_22_S20_L001_R1_001.fastq.gz","CANON_CBI5_22_S20_L001_R2_001.fastq.gz","","","","Francisco_Chavez",7,"CANON","CANON17S","5/4/2017 1:03",36.8808,-122.239,NA,"MBARI","WESTERN FLYER","","CANON",19.965,NA,"3A","15",NA,NA,"","",NA,NA,0.696610714,"",NA,"2017-05-04","",20180418,"",NA,"4.0","","20.0","CN17S",2.20387,"marine biome  (ENVO:00000447)","coastal water (ENVO:00001250)","waterborne particulate matter (ENVO:01000436)","mimarks survey","","","","","USA:California:Monterey Bay","mimarks survey","36.8808 N 122.2390 W","","X58","X","X58_ACTATCTG","","","COI","ACTATCTG",NA,"5.0",26.643,"dx.doi.org/10.17504/protocols.io.mwnc7de","dx.doi.org/10.17504/protocols.io.mvzc676",58,"CANON_CBI5_22","GGWACWGGWTGAACWGTWTAYCCYCC TAAACTTCAGGGTGACCAAAAAATCA","","",20.115,"GGWACWGGWTGAACWGTWTAYCCYCC","TAAACTTCAGGGTGACCAAAAAATCA","CN17S","","","",33.8943,"CTD/SBE911_Rosette_with_Niskin_bottle","","","Poretics","0.22um","-80C","1000ml","","","environmental","","NGS Illumina Miseq",NA,"","","MSU","",NA,NA,"",58,"ACTATCTG","COI",NA,9.2124,"","","","2017.0"
"CANON_CBI8_22_X","","",NA,NA,NA,NA,NA,"",NA,NA,"",NA,NA,"","","",NA,NA,NA,NA,NA,NA,NA,"","","","","CANON_CBI8_22_S79_L001_R1_001.fastq.gz","CANON_CBI8_22_S79_L001_R2_001.fastq.gz","","","","Francisco_Chavez",7,"CANON","CANON17S","5/4/2017 16:03",36.9165,-122.5073,NA,"MBARI","WESTERN FLYER","","CANON",19.234,NA,"FRONT1","21",NA,NA,"","",NA,NA,3.4566,"",NA,"2017-05-04","",20180418,"",NA,"4.0","","20.0","CN17S",4.70291,"marine biome  (ENVO:00000447)","coastal water (ENVO:00001250)","waterborne particulate matter (ENVO:01000436)","mimarks survey","","","","","USA:California:Monterey Bay","mimarks survey","36.9165 N 122.5073 W","","X55","X","X55_GGATATCT","","","COI","GGATATCT",NA,"5.0",12.988,"dx.doi.org/10.17504/protocols.io.mwnc7de","dx.doi.org/10.17504/protocols.io.mvzc676",55,"CANON_CBI8_22","GGWACWGGWTGAACWGTWTAYCCYCC TAAACTTCAGGGTGACCAAAAAATCA","","",19.378,"GGWACWGGWTGAACWGTWTAYCCYCC","TAAACTTCAGGGTGACCAAAAAATCA","CN17S","","","",33.2858,"CTD/SBE911_Rosette_with_Niskin_bottle","","","Poretics","0.22um","-80C","1000ml","","","environmental","","NGS Illumina Miseq",NA,"","","MSU","",NA,NA,"",55,"GGATATCT","COI",NA,10.9497,"","","","2017.0"
"CANON_CBI9_22_X","","",NA,NA,NA,NA,NA,"",NA,NA,"",NA,NA,"","","",NA,NA,NA,NA,NA,NA,NA,"","","","","CANON_CBI9_22_S91_L001_R1_001.fastq.gz","CANON_CBI9_22_S91_L001_R2_001.fastq.gz","","","","Francisco_Chavez",7,"CANON","CANON17S","5/4/2017 18:35",36.9138,-122.4068,NA,"MBARI","WESTERN FLYER","","CANON",19.871,NA,"FRONT2","22",NA,NA,"","",NA,NA,0.337723929,"",NA,"2017-05-04","",20180418,"",NA,"4.0","","20.0","CN17S",3.25905,"marine biome  (ENVO:00000447)","coastal water (ENVO:00001250)","waterborne particulate matter (ENVO:01000436)","mimarks survey","","","","","USA:California:Monterey Bay","mimarks survey","36.9138 N 122.4068 W","","X56","X","X56_GACACCGT","","","COI","GACACCGT",NA,"5.0",18.761,"dx.doi.org/10.17504/protocols.io.mwnc7de","dx.doi.org/10.17504/protocols.io.mvzc676",56,"CANON_CBI9_22","GGWACWGGWTGAACWGTWTAYCCYCC TAAACTTCAGGGTGACCAAAAAATCA","","",20.02,"GGWACWGGWTGAACWGTWTAYCCYCC","TAAACTTCAGGGTGACCAAAAAATCA","CN17S","","","",33.595,"CTD/SBE911_Rosette_with_Niskin_bottle","","","Poretics","0.22um","-80C","1000ml","","","environmental","","NGS Illumina Miseq",NA,"","","MSU","",NA,NA,"",56,"GACACCGT","COI",NA,9.8385,"","","","2017.0"
